<?xml version="1.0" encoding="UTF-8"?>
<project-private xmlns="http://www.netbeans.org/ns/project-private/1">
    <editor-bookmarks xmlns="http://www.netbeans.org/ns/editor-bookmarks/2" lastBookmarkId="0"/>
    <open-files xmlns="http://www.netbeans.org/ns/projectui-open-files/2">
        <group>
            <file>file:/C:/Users/Jarvis/Documents/Biola%20F-2017/UI/Biola%20Eats/src/Breakfast.java</file>
            <file>file:/C:/Users/Jarvis/Documents/Biola%20F-2017/UI/Biola%20Eats/src/Lunch.java</file>
            <file>file:/C:/Users/Jarvis/Documents/Biola%20F-2017/UI/Biola%20Eats/src/Dinner.java</file>
            <file>file:/C:/Users/Jarvis/Documents/Biola%20F-2017/UI/Biola%20Eats/src/Eatery.java</file>
            <file>file:/C:/Users/Jarvis/Documents/Biola%20F-2017/UI/Biola%20Eats/src/MainScreen.java</file>
            <file>file:/C:/Users/Jarvis/Documents/Biola%20F-2017/UI/Biola%20Eats/src/MealExchange.java</file>
        </group>
    </open-files>
</project-private>
